cornerNo,proc,VDD,TEMP,L5,NF5,NM5,W5,LCAP,NMCAP,WCAp,IRL,NML,NTL,L34,W34,NM34,NF34,VB,L12,NF12,NM12,W12,Fosc_Hz,PD_W,V1pk_V,V1rms_V,PN_100k_dBc,PN_1M_dBc,FOM_100k,FOM_1M
1,tt,1.62,-40,4.424827e-07,5,7,8.284082e-06,8.176807e-06,6,7.459653e-06,3.652205e-05,1,2,4.514351e-07,6.663901e-06,7,2,0.9766148,4.305266e-07,3,8,9.641256e-06,5.032102e+09,0.00542036,1.429675,0.7148375,-91.58492,-116.5867,-178.2796,-183.2814
2,tt,1.62,0.0,4.424827e-07,5,7,8.284082e-06,8.176807e-06,6,7.459653e-06,3.652205e-05,1,2,4.514351e-07,6.663901e-06,7,2,0.9766148,4.305266e-07,3,8,9.641256e-06,5.070464e+09,0.00555668,1.320563,0.6602814,-90.2665,-115.3613,-176.9193,-182.0141
3,tt,1.62,27.0,4.424827e-07,5,7,8.284082e-06,8.176807e-06,6,7.459653e-06,3.652205e-05,1,2,4.514351e-07,6.663901e-06,7,2,0.9766148,4.305266e-07,3,8,9.641256e-06,5.092758e+09,0.005634444,1.251732,0.6258659,-89.46405,-114.5618,-176.0946,-181.1924
4,tt,1.62,70.0,4.424827e-07,5,7,8.284082e-06,8.176807e-06,6,7.459653e-06,3.652205e-05,1,2,4.514351e-07,6.663901e-06,7,2,0.9766148,4.305266e-07,3,8,9.641256e-06,5.124442e+09,0.005740418,1.15065,0.5753249,-88.20772,-113.2639,-174.8112,-179.8673
5,tt,1.62,85,4.424827e-07,5,7,8.284082e-06,8.176807e-06,6,7.459653e-06,3.652205e-05,1,2,4.514351e-07,6.663901e-06,7,2,0.9766148,4.305266e-07,3,8,9.641256e-06,5.134529e+09,0.005772199,1.117335,0.5586674,-87.87391,-112.8669,-174.4705,-179.4635
6,tt,1.8,-40,4.424827e-07,5,7,8.284082e-06,8.176807e-06,6,7.459653e-06,3.652205e-05,1,2,4.514351e-07,6.663901e-06,7,2,0.9766148,4.305266e-07,3,8,9.641256e-06,4.933211e+09,0.00936599,1.633922,0.8169612,-92.99487,-118.1521,-177.1419,-182.2992
7,tt,1.8,0.0,4.424827e-07,5,7,8.284082e-06,8.176807e-06,6,7.459653e-06,3.652205e-05,1,2,4.514351e-07,6.663901e-06,7,2,0.9766148,4.305266e-07,3,8,9.641256e-06,4.971883e+09,0.009225382,1.51751,0.7587552,-94.12403,-120.3017,-178.4046,-184.5822
8,tt,1.8,27.0,4.424827e-07,5,7,8.284082e-06,8.176807e-06,6,7.459653e-06,3.652205e-05,1,2,4.514351e-07,6.663901e-06,7,2,0.9766148,4.305266e-07,3,8,9.641256e-06,4.995971e+09,0.009147608,1.443165,0.7215823,-90.52309,-115.9372,-174.8824,-180.2965
9,tt,1.8,70.0,4.424827e-07,5,7,8.284082e-06,8.176807e-06,6,7.459653e-06,3.652205e-05,1,2,4.514351e-07,6.663901e-06,7,2,0.9766148,4.305266e-07,3,8,9.641256e-06,5.03201e+09,0.009037533,1.333073,0.6665363,-89.15912,-114.6075,-173.6335,-179.0819
10,tt,1.8,85,4.424827e-07,5,7,8.284082e-06,8.176807e-06,6,7.459653e-06,3.652205e-05,1,2,4.514351e-07,6.663901e-06,7,2,0.9766148,4.305266e-07,3,8,9.641256e-06,5.043721e+09,0.009004002,1.296804,0.6484018,-88.84619,-114.2411,-173.3569,-178.7518
11,tt,1.98,-40,4.424827e-07,5,7,8.284082e-06,8.176807e-06,6,7.459653e-06,3.652205e-05,1,2,4.514351e-07,6.663901e-06,7,2,0.9766148,4.305266e-07,3,8,9.641256e-06,4.85664e+09,0.01453456,1.83387,0.9169349,-94.11232,-119.3667,-176.215,-181.4694
12,tt,1.98,0.0,4.424827e-07,5,7,8.284082e-06,8.176807e-06,6,7.459653e-06,3.652205e-05,1,2,4.514351e-07,6.663901e-06,7,2,0.9766148,4.305266e-07,3,8,9.641256e-06,4.894659e+09,0.01395863,1.710408,0.855204,-92.68739,-118.2427,-175.0334,-180.5887
13,tt,1.98,27.0,4.424827e-07,5,7,8.284082e-06,8.176807e-06,6,7.459653e-06,3.652205e-05,1,2,4.514351e-07,6.663901e-06,7,2,0.9766148,4.305266e-07,3,8,9.641256e-06,4.919244e+09,0.01363642,1.630762,0.8153808,-91.49962,-117.1427,-173.9906,-179.6336
14,tt,1.98,70.0,4.424827e-07,5,7,8.284082e-06,8.176807e-06,6,7.459653e-06,3.652205e-05,1,2,4.514351e-07,6.663901e-06,7,2,0.9766148,4.305266e-07,3,8,9.641256e-06,4.957903e+09,0.01319615,1.511686,0.7558428,-89.98612,-115.7397,-172.6876,-178.4411
15,tt,1.98,85,4.424827e-07,5,7,8.284082e-06,8.176807e-06,6,7.459653e-06,3.652205e-05,1,2,4.514351e-07,6.663901e-06,7,2,0.9766148,4.305266e-07,3,8,9.641256e-06,4.970743e+09,0.01306106,1.472199,0.7360996,-89.66045,-115.3907,-172.4291,-178.1594
16,ss,1.62,-40,4.424827e-07,5,7,8.284082e-06,8.176807e-06,6,7.459653e-06,3.652205e-05,1,2,4.514351e-07,6.663901e-06,7,2,0.9766148,4.305266e-07,3,8,9.641256e-06,5.134538e+09,0.004007449,1.383544,0.6917719,-90.76479,-115.7899,-178.9461,-183.9712
17,ss,1.62,0.0,4.424827e-07,5,7,8.284082e-06,8.176807e-06,6,7.459653e-06,3.652205e-05,1,2,4.514351e-07,6.663901e-06,7,2,0.9766148,4.305266e-07,3,8,9.641256e-06,5.176926e+09,0.004198319,1.268603,0.6343014,-89.58856,-114.6075,-177.6392,-182.6582
18,ss,1.62,27.0,4.424827e-07,5,7,8.284082e-06,8.176807e-06,6,7.459653e-06,3.652205e-05,1,2,4.514351e-07,6.663901e-06,7,2,0.9766148,4.305266e-07,3,8,9.641256e-06,5.200549e+09,0.004309292,1.196792,0.598396,-88.86419,-113.8241,-176.8411,-181.801
19,ss,1.62,70.0,4.424827e-07,5,7,8.284082e-06,8.176807e-06,6,7.459653e-06,3.652205e-05,1,2,4.514351e-07,6.663901e-06,7,2,0.9766148,4.305266e-07,3,8,9.641256e-06,5.233512e+09,0.004459288,1.091354,0.5456772,-87.55332,-112.4341,-175.4365,-180.3173
20,ss,1.62,85,4.424827e-07,5,7,8.284082e-06,8.176807e-06,6,7.459653e-06,3.652205e-05,1,2,4.514351e-07,6.663901e-06,7,2,0.9766148,4.305266e-07,3,8,9.641256e-06,5.244013e+09,0.004503988,1.056512,0.5282559,-87.17995,-111.9844,-175.0373,-179.8417
21,ss,1.8,-40,4.424827e-07,5,7,8.284082e-06,8.176807e-06,6,7.459653e-06,3.652205e-05,1,2,4.514351e-07,6.663901e-06,7,2,0.9766148,4.305266e-07,3,8,9.641256e-06,5.024425e+09,0.007290979,1.589468,0.7947341,-92.16983,-117.4053,-177.5637,-182.7991
22,ss,1.8,0.0,4.424827e-07,5,7,8.284082e-06,8.176807e-06,6,7.459653e-06,3.652205e-05,1,2,4.514351e-07,6.663901e-06,7,2,0.9766148,4.305266e-07,3,8,9.641256e-06,5.068054e+09,0.007275006,1.466776,0.7333881,-90.78092,-116.1139,-176.2594,-181.5924
23,ss,1.8,27.0,4.424827e-07,5,7,8.284082e-06,8.176807e-06,6,7.459653e-06,3.652205e-05,1,2,4.514351e-07,6.663901e-06,7,2,0.9766148,4.305266e-07,3,8,9.641256e-06,5.094227e+09,0.007265604,1.389348,0.6946741,-90.00429,-115.3448,-175.5331,-180.8737
24,ss,1.8,70.0,4.424827e-07,5,7,8.284082e-06,8.176807e-06,6,7.459653e-06,3.652205e-05,1,2,4.514351e-07,6.663901e-06,7,2,0.9766148,4.305266e-07,3,8,9.641256e-06,5.132251e+09,0.007249931,1.275732,0.6378659,-88.61624,-113.9202,-174.2191,-179.523
25,ss,1.8,85,4.424827e-07,5,7,8.284082e-06,8.176807e-06,6,7.459653e-06,3.652205e-05,1,2,4.514351e-07,6.663901e-06,7,2,0.9766148,4.305266e-07,3,8,9.641256e-06,5.144489e+09,0.007243391,1.238333,0.6191667,-88.2841,-113.5216,-173.9115,-179.149
26,ss,1.98,-40,4.424827e-07,5,7,8.284082e-06,8.176807e-06,6,7.459653e-06,3.652205e-05,1,2,4.514351e-07,6.663901e-06,7,2,0.9766148,4.305266e-07,3,8,9.641256e-06,4.939424e+09,0.01170194,1.789882,0.8949408,-93.43491,-118.807,-176.6259,-181.9979
27,ss,1.98,0.0,4.424827e-07,5,7,8.284082e-06,8.176807e-06,6,7.459653e-06,3.652205e-05,1,2,4.514351e-07,6.663901e-06,7,2,0.9766148,4.305266e-07,3,8,9.641256e-06,4.982618e+09,0.01132187,1.65943,0.8297151,-91.82125,-117.3729,-175.2312,-180.7829
28,ss,1.98,27.0,4.424827e-07,5,7,8.284082e-06,8.176807e-06,6,7.459653e-06,3.652205e-05,1,2,4.514351e-07,6.663901e-06,7,2,0.9766148,4.305266e-07,3,8,9.641256e-06,5.010112e+09,0.01111027,1.576325,0.7881625,-90.86382,-116.4847,-174.4035,-180.0244
29,ss,1.98,70.0,4.424827e-07,5,7,8.284082e-06,8.176807e-06,6,7.459653e-06,3.652205e-05,1,2,4.514351e-07,6.663901e-06,7,2,0.9766148,4.305266e-07,3,8,9.641256e-06,5.05163e+09,0.01082042,1.453509,0.7267547,-89.4336,-115.0897,-173.1598,-178.8159
30,ss,1.98,85,4.424827e-07,5,7,8.284082e-06,8.176807e-06,6,7.459653e-06,3.652205e-05,1,2,4.514351e-07,6.663901e-06,7,2,0.9766148,4.305266e-07,3,8,9.641256e-06,5.065235e+09,0.0107276,1.413048,0.7065242,-89.10331,-114.7026,-172.8903,-178.4896
31,ff,1.62,-40,4.424827e-07,5,7,8.284082e-06,8.176807e-06,6,7.459653e-06,3.652205e-05,1,2,4.514351e-07,6.663901e-06,7,2,0.9766148,4.305266e-07,3,8,9.641256e-06,4.935122e+09,0.007250833,1.471292,0.735646,-92.45733,-117.3623,-177.7194,-182.6244
32,ff,1.62,0.0,4.424827e-07,5,7,8.284082e-06,8.176807e-06,6,7.459653e-06,3.652205e-05,1,2,4.514351e-07,6.663901e-06,7,2,0.9766148,4.305266e-07,3,8,9.641256e-06,4.969464e+09,0.007295289,1.368155,0.6840777,-91.00091,-116.0832,-176.2967,-181.3789
33,ff,1.62,27.0,4.424827e-07,5,7,8.284082e-06,8.176807e-06,6,7.459653e-06,3.652205e-05,1,2,4.514351e-07,6.663901e-06,7,2,0.9766148,4.305266e-07,3,8,9.641256e-06,4.990108e+09,0.007319989,1.302394,0.6511968,-90.08541,-115.237,-175.4025,-180.5541
34,ff,1.62,70.0,4.424827e-07,5,7,8.284082e-06,8.176807e-06,6,7.459653e-06,3.652205e-05,1,2,4.514351e-07,6.663901e-06,7,2,0.9766148,4.305266e-07,3,8,9.641256e-06,5.020613e+09,0.007356473,1.205116,0.6025579,-88.8135,-113.9811,-174.1619,-179.3295
35,ff,1.62,85,4.424827e-07,5,7,8.284082e-06,8.176807e-06,6,7.459653e-06,3.652205e-05,1,2,4.514351e-07,6.663901e-06,7,2,0.9766148,4.305266e-07,3,8,9.641256e-06,5.030279e+09,0.007366616,1.173023,0.5865113,-88.52513,-113.6407,-173.8843,-178.9998
36,ff,1.8,-40,4.424827e-07,5,7,8.284082e-06,8.176807e-06,6,7.459653e-06,3.652205e-05,1,2,4.514351e-07,6.663901e-06,7,2,0.9766148,4.305266e-07,3,8,9.641256e-06,4.846595e+09,0.01197381,1.67434,0.8371701,-93.72969,-118.7451,-176.6561,-181.6716
37,ff,1.8,0.0,4.424827e-07,5,7,8.284082e-06,8.176807e-06,6,7.459653e-06,3.652205e-05,1,2,4.514351e-07,6.663901e-06,7,2,0.9766148,4.305266e-07,3,8,9.641256e-06,4.880983e+09,0.01166493,1.564439,0.7822193,-91.59361,-116.8623,-174.6949,-179.9637
38,ff,1.8,27.0,4.424827e-07,5,7,8.284082e-06,8.176807e-06,6,7.459653e-06,3.652205e-05,1,2,4.514351e-07,6.663901e-06,7,2,0.9766148,4.305266e-07,3,8,9.641256e-06,4.90271e+09,0.01149204,1.493493,0.7467465,-91.17282,-116.5713,-174.3776,-179.776
39,ff,1.8,70.0,4.424827e-07,5,7,8.284082e-06,8.176807e-06,6,7.459653e-06,3.652205e-05,1,2,4.514351e-07,6.663901e-06,7,2,0.9766148,4.305266e-07,3,8,9.641256e-06,4.936641e+09,0.01125644,1.387319,0.6936595,-89.75285,-115.2589,-173.1075,-178.6135
40,ff,1.8,85,4.424827e-07,5,7,8.284082e-06,8.176807e-06,6,7.459653e-06,3.652205e-05,1,2,4.514351e-07,6.663901e-06,7,2,0.9766148,4.305266e-07,3,8,9.641256e-06,4.947801e+09,0.01118011,1.352068,0.6760341,-89.42961,-114.8968,-172.8334,-178.3006
41,ff,1.98,-40,4.424827e-07,5,7,8.284082e-06,8.176807e-06,6,7.459653e-06,3.652205e-05,1,2,4.514351e-07,6.663901e-06,7,2,0.9766148,4.305266e-07,3,8,9.641256e-06,4.777945e+09,0.01803302,1.874047,0.9370237,-94.85973,-119.956,-175.8839,-180.9801
42,ff,1.98,0.0,4.424827e-07,5,7,8.284082e-06,8.176807e-06,6,7.459653e-06,3.652205e-05,1,2,4.514351e-07,6.663901e-06,7,2,0.9766148,4.305266e-07,3,8,9.641256e-06,4.8116e+09,0.01720108,1.757625,0.8788123,-93.26355,-118.6601,-174.5538,-179.9503
43,ff,1.98,27.0,4.424827e-07,5,7,8.284082e-06,8.176807e-06,6,7.459653e-06,3.652205e-05,1,2,4.514351e-07,6.663901e-06,7,2,0.9766148,4.305266e-07,3,8,9.641256e-06,4.833661e+09,0.01673497,1.681808,0.8409041,-92.15876,-117.7398,-173.608,-179.189
44,ff,1.98,70.0,4.424827e-07,5,7,8.284082e-06,8.176807e-06,6,7.459653e-06,3.652205e-05,1,2,4.514351e-07,6.663901e-06,7,2,0.9766148,4.305266e-07,3,8,9.641256e-06,4.86907e+09,0.01610215,1.567088,0.783544,-90.66907,-116.439,-172.3491,-178.1191
45,ff,1.98,85,4.424827e-07,5,7,8.284082e-06,8.176807e-06,6,7.459653e-06,3.652205e-05,1,2,4.514351e-07,6.663901e-06,7,2,0.9766148,4.305266e-07,3,8,9.641256e-06,4.881069e+09,0.01590723,1.528736,0.7643682,-90.27116,-116.0157,-172.0255,-177.77
46,sf,1.62,-40,4.424827e-07,5,7,8.284082e-06,8.176807e-06,6,7.459653e-06,3.652205e-05,1,2,4.514351e-07,6.663901e-06,7,2,0.9766148,4.305266e-07,3,8,9.641256e-06,5.039223e+09,0.005622849,1.45823,0.729115,-92.03462,-116.8437,-178.5823,-183.3914
47,sf,1.62,0.0,4.424827e-07,5,7,8.284082e-06,8.176807e-06,6,7.459653e-06,3.652205e-05,1,2,4.514351e-07,6.663901e-06,7,2,0.9766148,4.305266e-07,3,8,9.641256e-06,5.077475e+09,0.005732082,1.351751,0.6758755,-90.67929,-115.6022,-177.2091,-182.132
48,sf,1.62,27.0,4.424827e-07,5,7,8.284082e-06,8.176807e-06,6,7.459653e-06,3.652205e-05,1,2,4.514351e-07,6.663901e-06,7,2,0.9766148,4.305266e-07,3,8,9.641256e-06,5.100237e+09,0.005795116,1.284141,0.6420704,-89.82794,-114.7726,-176.3491,-181.2938
49,sf,1.62,70.0,4.424827e-07,5,7,8.284082e-06,8.176807e-06,6,7.459653e-06,3.652205e-05,1,2,4.514351e-07,6.663901e-06,7,2,0.9766148,4.305266e-07,3,8,9.641256e-06,5.133191e+09,0.00587787,1.183646,0.5918232,-88.51452,-113.4426,-175.0301,-179.9581
50,sf,1.62,85,4.424827e-07,5,7,8.284082e-06,8.176807e-06,6,7.459653e-06,3.652205e-05,1,2,4.514351e-07,6.663901e-06,7,2,0.9766148,4.305266e-07,3,8,9.641256e-06,5.143831e+09,0.005902046,1.150187,0.5750936,-88.17493,-113.0507,-174.6906,-179.5664
51,sf,1.8,-40,4.424827e-07,5,7,8.284082e-06,8.176807e-06,6,7.459653e-06,3.652205e-05,1,2,4.514351e-07,6.663901e-06,7,2,0.9766148,4.305266e-07,3,8,9.641256e-06,4.942881e+09,0.009629176,1.660189,0.8300947,-93.38764,-118.3631,-177.4314,-182.4068
52,sf,1.8,0.0,4.424827e-07,5,7,8.284082e-06,8.176807e-06,6,7.459653e-06,3.652205e-05,1,2,4.514351e-07,6.663901e-06,7,2,0.9766148,4.305266e-07,3,8,9.641256e-06,4.98169e+09,0.009439188,1.54591,0.7729551,-91.82523,-116.9939,-176.0234,-181.1921
53,sf,1.8,27.0,4.424827e-07,5,7,8.284082e-06,8.176807e-06,6,7.459653e-06,3.652205e-05,1,2,4.514351e-07,6.663901e-06,7,2,0.9766148,4.305266e-07,3,8,9.641256e-06,5.006155e+09,0.009334595,1.472623,0.7363115,-90.86479,-116.1152,-175.1539,-180.4044
54,sf,1.8,70.0,4.424827e-07,5,7,8.284082e-06,8.176807e-06,6,7.459653e-06,3.652205e-05,1,2,4.514351e-07,6.663901e-06,7,2,0.9766148,4.305266e-07,3,8,9.641256e-06,5.0433e+09,0.009187417,1.363263,0.6816317,-89.48061,-114.7734,-173.903,-179.1958
55,sf,1.8,85,4.424827e-07,5,7,8.284082e-06,8.176807e-06,6,7.459653e-06,3.652205e-05,1,2,4.514351e-07,6.663901e-06,7,2,0.9766148,4.305266e-07,3,8,9.641256e-06,5.055464e+09,0.009140189,1.326967,0.6634835,-89.10604,-114.3612,-173.5717,-178.8269
56,sf,1.98,-40,4.424827e-07,5,7,8.284082e-06,8.176807e-06,6,7.459653e-06,3.652205e-05,1,2,4.514351e-07,6.663901e-06,7,2,0.9766148,4.305266e-07,3,8,9.641256e-06,4.867858e+09,0.01483711,1.858321,0.9291604,-94.46966,-119.562,-176.5029,-181.5953
57,sf,1.98,0.0,4.424827e-07,5,7,8.284082e-06,8.176807e-06,6,7.459653e-06,3.652205e-05,1,2,4.514351e-07,6.663901e-06,7,2,0.9766148,4.305266e-07,3,8,9.641256e-06,4.906172e+09,0.01418641,1.736381,0.8681904,-92.82951,-118.1623,-175.1256,-180.4584
58,sf,1.98,27.0,4.424827e-07,5,7,8.284082e-06,8.176807e-06,6,7.459653e-06,3.652205e-05,1,2,4.514351e-07,6.663901e-06,7,2,0.9766148,4.305266e-07,3,8,9.641256e-06,4.931314e+09,0.01382258,1.657541,0.8287705,-91.74175,-117.1611,-174.1951,-179.6145
59,sf,1.98,70.0,4.424827e-07,5,7,8.284082e-06,8.176807e-06,6,7.459653e-06,3.652205e-05,1,2,4.514351e-07,6.663901e-06,7,2,0.9766148,4.305266e-07,3,8,9.641256e-06,4.97105e+09,0.01332743,1.538944,0.769472,-90.32827,-116.0562,-173.0098,-178.7377
60,sf,1.98,85,4.424827e-07,5,7,8.284082e-06,8.176807e-06,6,7.459653e-06,3.652205e-05,1,2,4.514351e-07,6.663901e-06,7,2,0.9766148,4.305266e-07,3,8,9.641256e-06,4.984357e+09,0.01317217,1.499523,0.7497615,-89.88816,-115.4531,-172.6438,-178.2087
61,fs,1.62,-40,4.424827e-07,5,7,8.284082e-06,8.176807e-06,6,7.459653e-06,3.652205e-05,1,2,4.514351e-07,6.663901e-06,7,2,0.9766148,4.305266e-07,3,8,9.641256e-06,5.026077e+09,0.005270858,1.395726,0.6978629,-91.17021,-116.3322,-177.976,-183.138
62,fs,1.62,0.0,4.424827e-07,5,7,8.284082e-06,8.176807e-06,6,7.459653e-06,3.652205e-05,1,2,4.514351e-07,6.663901e-06,7,2,0.9766148,4.305266e-07,3,8,9.641256e-06,5.064558e+09,0.005422436,1.283464,0.6417318,-89.89306,-115.1136,-176.6419,-181.8625
63,fs,1.62,27.0,4.424827e-07,5,7,8.284082e-06,8.176807e-06,6,7.459653e-06,3.652205e-05,1,2,4.514351e-07,6.663901e-06,7,2,0.9766148,4.305266e-07,3,8,9.641256e-06,5.086363e+09,0.005512026,1.213335,0.6066677,-89.10605,-114.3144,-175.8211,-181.0294
64,fs,1.62,70.0,4.424827e-07,5,7,8.284082e-06,8.176807e-06,6,7.459653e-06,3.652205e-05,1,2,4.514351e-07,6.663901e-06,7,2,0.9766148,4.305266e-07,3,8,9.641256e-06,5.116935e+09,0.005633114,1.111697,0.5558484,-87.89654,-113.0423,-174.5692,-179.715
65,fs,1.62,85,4.424827e-07,5,7,8.284082e-06,8.176807e-06,6,7.459653e-06,3.652205e-05,1,2,4.514351e-07,6.663901e-06,7,2,0.9766148,4.305266e-07,3,8,9.641256e-06,5.126377e+09,0.005671308,1.078589,0.5392946,-87.5608,-112.6308,-174.2202,-179.2902
66,fs,1.8,-40,4.424827e-07,5,7,8.284082e-06,8.176807e-06,6,7.459653e-06,3.652205e-05,1,2,4.514351e-07,6.663901e-06,7,2,0.9766148,4.305266e-07,3,8,9.641256e-06,4.924492e+09,0.009165496,1.602562,0.8012808,-92.644,-117.9578,-176.8697,-182.1835
67,fs,1.8,0.0,4.424827e-07,5,7,8.284082e-06,8.176807e-06,6,7.459653e-06,3.652205e-05,1,2,4.514351e-07,6.663901e-06,7,2,0.9766148,4.305266e-07,3,8,9.641256e-06,4.963357e+09,0.009059315,1.483452,0.741726,-90.93087,-116.301,-175.2754,-180.6456
68,fs,1.8,27.0,4.424827e-07,5,7,8.284082e-06,8.176807e-06,6,7.459653e-06,3.652205e-05,1,2,4.514351e-07,6.663901e-06,7,2,0.9766148,4.305266e-07,3,8,9.641256e-06,4.98711e+09,0.009003636,1.407862,0.703931,-90.21542,-115.7547,-174.6282,-180.1675
69,fs,1.8,70.0,4.424827e-07,5,7,8.284082e-06,8.176807e-06,6,7.459653e-06,3.652205e-05,1,2,4.514351e-07,6.663901e-06,7,2,0.9766148,4.305266e-07,3,8,9.641256e-06,5.022208e+09,0.008923398,1.296955,0.6484777,-88.85907,-114.4348,-173.3717,-178.9474
70,fs,1.8,85,4.424827e-07,5,7,8.284082e-06,8.176807e-06,6,7.459653e-06,3.652205e-05,1,2,4.514351e-07,6.663901e-06,7,2,0.9766148,4.305266e-07,3,8,9.641256e-06,5.033504e+09,0.008895471,1.260659,0.6303296,-88.60409,-114.0817,-173.1498,-178.6275
71,fs,1.98,-40,4.424827e-07,5,7,8.284082e-06,8.176807e-06,6,7.459653e-06,3.652205e-05,1,2,4.514351e-07,6.663901e-06,7,2,0.9766148,4.305266e-07,3,8,9.641256e-06,4.846331e+09,0.01429812,1.804395,0.9021974,-93.85996,-119.2676,-176.0154,-181.4231
72,fs,1.98,0.0,4.424827e-07,5,7,8.284082e-06,8.176807e-06,6,7.459653e-06,3.652205e-05,1,2,4.514351e-07,6.663901e-06,7,2,0.9766148,4.305266e-07,3,8,9.641256e-06,4.884483e+09,0.01378065,1.678706,0.8393529,-92.2416,-117.8884,-174.6253,-180.2721
73,fs,1.98,27.0,4.424827e-07,5,7,8.284082e-06,8.176807e-06,6,7.459653e-06,3.652205e-05,1,2,4.514351e-07,6.663901e-06,7,2,0.9766148,4.305266e-07,3,8,9.641256e-06,4.908762e+09,0.01348976,1.598027,0.7990136,-91.26017,-117.0648,-173.7796,-179.5842
74,fs,1.98,70.0,4.424827e-07,5,7,8.284082e-06,8.176807e-06,6,7.459653e-06,3.652205e-05,1,2,4.514351e-07,6.663901e-06,7,2,0.9766148,4.305266e-07,3,8,9.641256e-06,4.946617e+09,0.01309427,1.478206,0.7391028,-89.72385,-115.5883,-172.4392,-178.3036
75,fs,1.98,85,4.424827e-07,5,7,8.284082e-06,8.176807e-06,6,7.459653e-06,3.652205e-05,1,2,4.514351e-07,6.663901e-06,7,2,0.9766148,4.305266e-07,3,8,9.641256e-06,4.959085e+09,0.01297102,1.438706,0.7193531,-89.41424,-115.2266,-172.1925,-178.0049
