time_s,X_V,Y_V,Vdiff_V
0.000000000000e+00,6.697383000000e-01,6.472482000000e-01,2.249008000000e-02
6.300000000023e-13,6.864058000000e-01,6.310439000000e-01,5.536190000000e-02
1.290000000001e-12,7.036832000000e-01,6.139666000000e-01,8.971658000000e-02
1.890000000000e-12,7.192952000000e-01,5.982054000000e-01,1.210897000000e-01
2.490000000000e-12,7.347645000000e-01,5.821653000000e-01,1.525992000000e-01
3.170000000005e-12,7.524148000000e-01,5.631526000000e-01,1.892623000000e-01
3.970000000002e-12,7.729491000000e-01,5.397137000000e-01,2.332353000000e-01
4.660000000003e-12,7.904356000000e-01,5.183352000000e-01,2.721004000000e-01
5.240000000003e-12,8.049836000000e-01,4.994929000000e-01,3.054907000000e-01
5.830000000006e-12,8.198436000000e-01,4.793840000000e-01,3.404596000000e-01
6.650000000002e-12,8.397343000000e-01,4.514853000000e-01,3.882490000000e-01
7.240000000005e-12,8.538961000000e-01,4.311777000000e-01,4.227185000000e-01
7.720000000006e-12,8.651137000000e-01,4.149252000000e-01,4.501885000000e-01
8.180000000000e-12,8.759243000000e-01,3.991736000000e-01,4.767507000000e-01
8.670000000004e-12,8.870733000000e-01,3.828865000000e-01,5.041868000000e-01
9.200000000001e-12,8.993200000000e-01,3.650173000000e-01,5.343027000000e-01
9.840000000000e-12,9.140346000000e-01,3.437222000000e-01,5.703124000000e-01
1.045000000000e-11,9.277880000000e-01,3.241909000000e-01,6.035971000000e-01
1.098000000000e-11,9.398826000000e-01,3.075131000000e-01,6.323695000000e-01
1.153000000000e-11,9.521894000000e-01,2.912227000000e-01,6.609667000000e-01
1.215000000000e-11,9.659912000000e-01,2.739688000000e-01,6.920224000000e-01
1.286000000000e-11,9.815504000000e-01,2.559253000000e-01,7.256251000000e-01
1.344000000000e-11,9.940866000000e-01,2.424285000000e-01,7.516581000000e-01
1.400000000000e-11,1.006284000000e+00,2.300866000000e-01,7.761971000000e-01
1.466000000000e-11,1.020399000000e+00,2.166314000000e-01,8.037679000000e-01
1.526000000000e-11,1.033017000000e+00,2.052337000000e-01,8.277838000000e-01
1.583000000000e-11,1.044957000000e+00,1.949094000000e-01,8.500475000000e-01
1.633000000000e-11,1.055362000000e+00,1.862273000000e-01,8.691343000000e-01
1.682000000000e-11,1.065281000000e+00,1.781931000000e-01,8.870879000000e-01
1.734000000000e-11,1.075692000000e+00,1.699919000000e-01,9.056999000000e-01
1.797000000000e-11,1.088083000000e+00,1.605136000000e-01,9.275690000000e-01
1.852000000000e-11,1.098704000000e+00,1.526164000000e-01,9.460875000000e-01
1.905000000000e-11,1.108635000000e+00,1.454120000000e-01,9.632225000000e-01
1.959000000000e-11,1.118640000000e+00,1.383214000000e-01,9.803188000000e-01
2.018000000000e-11,1.129360000000e+00,1.309056000000e-01,9.984544000000e-01
2.091000000000e-11,1.142315000000e+00,1.221845000000e-01,1.020131000000e+00
2.154000000000e-11,1.153262000000e+00,1.150162000000e-01,1.038245000000e+00
2.220000000000e-11,1.164615000000e+00,1.077713000000e-01,1.056843000000e+00
2.280000000000e-11,1.174673000000e+00,1.015140000000e-01,1.073159000000e+00
2.337000000001e-11,1.184220000000e+00,9.571786000000e-02,1.088502000000e+00
2.398000000000e-11,1.194186000000e+00,8.982102000000e-02,1.104365000000e+00
2.472000000001e-11,1.205822000000e+00,8.294878000000e-02,1.122873000000e+00
2.556000000000e-11,1.218223000000e+00,7.527052000000e-02,1.142953000000e+00
2.633000000000e-11,1.229254000000e+00,6.879927000000e-02,1.160455000000e+00
2.688000000001e-11,1.236956000000e+00,6.448922000000e-02,1.172467000000e+00
2.747000000000e-11,1.244851000000e+00,6.025566000000e-02,1.184595000000e+00
2.809000000000e-11,1.253049000000e+00,5.605626000000e-02,1.196992000000e+00
2.885000000000e-11,1.262820000000e+00,5.130599000000e-02,1.211514000000e+00
2.947000000000e-11,1.270687000000e+00,4.768184000000e-02,1.223005000000e+00
3.020000000001e-11,1.279700000000e+00,4.374838000000e-02,1.235951000000e+00
3.085000000000e-11,1.287511000000e+00,4.053477000000e-02,1.246976000000e+00
3.146000000000e-11,1.294827000000e+00,3.770176000000e-02,1.257125000000e+00
3.212000000000e-11,1.302485000000e+00,3.493694000000e-02,1.267548000000e+00
3.294000000001e-11,1.311659000000e+00,3.192813000000e-02,1.279731000000e+00
3.363000000000e-11,1.319035000000e+00,2.977548000000e-02,1.289260000000e+00
3.438000000000e-11,1.326685000000e+00,2.781600000000e-02,1.298869000000e+00
3.505000000000e-11,1.333285000000e+00,2.635958000000e-02,1.306925000000e+00
3.570000000000e-11,1.339470000000e+00,2.519337000000e-02,1.314276000000e+00
3.643000000001e-11,1.346020000000e+00,2.416073000000e-02,1.321859000000e+00
3.745000000000e-11,1.354748000000e+00,2.309035000000e-02,1.331657000000e+00
3.840000000001e-11,1.362390000000e+00,2.244654000000e-02,1.339943000000e+00
3.914000000000e-11,1.367988000000e+00,2.217008000000e-02,1.345817000000e+00
3.986000000000e-11,1.373116000000e+00,2.209217000000e-02,1.351024000000e+00
4.063000000000e-11,1.378256000000e+00,2.223071000000e-02,1.356026000000e+00
4.172000000000e-11,1.384732000000e+00,2.283236000000e-02,1.361899000000e+00
4.272000000001e-11,1.389952000000e+00,2.380990000000e-02,1.366142000000e+00
4.351000000000e-11,1.393528000000e+00,2.484499000000e-02,1.368683000000e+00
4.430000000000e-11,1.396619000000e+00,2.607233000000e-02,1.370546000000e+00
4.518000000000e-11,1.399576000000e+00,2.764973000000e-02,1.371927000000e+00
4.604000000001e-11,1.401965000000e+00,2.936172000000e-02,1.372604000000e+00
4.702000000000e-11,1.404112000000e+00,3.151303000000e-02,1.372599000000e+00
4.786000000000e-11,1.405447000000e+00,3.353126000000e-02,1.371915000000e+00
4.871000000000e-11,1.406227000000e+00,3.564877000000e-02,1.370578000000e+00
4.972000000000e-11,1.406249000000e+00,3.810967000000e-02,1.368140000000e+00
5.070000000000e-11,1.405532000000e+00,4.078277000000e-02,1.364749000000e+00
5.155000000000e-11,1.404323000000e+00,4.328540000000e-02,1.361038000000e+00
5.240000000000e-11,1.402569000000e+00,4.598494000000e-02,1.356584000000e+00
5.332000000000e-11,1.400109000000e+00,4.906292000000e-02,1.351046000000e+00
5.431000000000e-11,1.396796000000e+00,5.258900000000e-02,1.344207000000e+00
5.553000000000e-11,1.391879000000e+00,5.712645000000e-02,1.334752000000e+00
5.650000000000e-11,1.387279000000e+00,6.092368000000e-02,1.326356000000e+00
5.747000000000e-11,1.382011000000e+00,6.493420000000e-02,1.317077000000e+00
5.870000000000e-11,1.374395000000e+00,7.030647000000e-02,1.304088000000e+00
6.021000000000e-11,1.363663000000e+00,7.732751000000e-02,1.286335000000e+00
6.131000000000e-11,1.354852000000e+00,8.277737000000e-02,1.272074000000e+00
6.245000000000e-11,1.344889000000e+00,8.870663000000e-02,1.256182000000e+00
6.412000000000e-11,1.328981000000e+00,9.782714000000e-02,1.231154000000e+00
6.553000000000e-11,1.314262000000e+00,1.060191000000e-01,1.208243000000e+00
6.680000000001e-11,1.300092000000e+00,1.137592000000e-01,1.186332000000e+00
6.841000000000e-11,1.280695000000e+00,1.241865000000e-01,1.156509000000e+00
7.026000000000e-11,1.256541000000e+00,1.369483000000e-01,1.119593000000e+00
7.171000000000e-11,1.236163000000e+00,1.475417000000e-01,1.088621000000e+00
7.337000000000e-11,1.211230000000e+00,1.603376000000e-01,1.050892000000e+00
7.594000000000e-11,1.169296000000e+00,1.817415000000e-01,9.875540000000e-01
7.778000000001e-11,1.136914000000e+00,1.985129000000e-01,9.384013000000e-01
7.951000000000e-11,1.104663000000e+00,2.158460000000e-01,8.888171000000e-01
8.103000000000e-11,1.075216000000e+00,2.326358000000e-01,8.425798000000e-01
8.231000000000e-11,1.049439000000e+00,2.484826000000e-01,8.009561000000e-01
8.344000000000e-11,1.025990000000e+00,2.642004000000e-01,7.617898000000e-01
8.446000000000e-11,1.004433000000e+00,2.800590000000e-01,7.243742000000e-01
8.540000000001e-11,9.841754000000e-01,2.964013000000e-01,6.877740000000e-01
8.632000000000e-11,9.642110000000e-01,3.139388000000e-01,6.502722000000e-01
8.731000000001e-11,9.425571000000e-01,3.344801000000e-01,6.080770000000e-01
8.810000000001e-11,9.250901000000e-01,3.520677000000e-01,5.730224000000e-01
8.879000000000e-11,9.098465000000e-01,3.680742000000e-01,5.417723000000e-01
8.948000000000e-11,8.944393000000e-01,3.848238000000e-01,5.096155000000e-01
9.031000000000e-11,8.758634000000e-01,4.057239000000e-01,4.701394000000e-01
9.125000000000e-11,8.546915000000e-01,4.303738000000e-01,4.243177000000e-01
9.199000000000e-11,8.379016000000e-01,4.504205000000e-01,3.874812000000e-01
9.269000000000e-11,8.219845000000e-01,4.696772000000e-01,3.523073000000e-01
9.346000000000e-11,8.041519000000e-01,4.912940000000e-01,3.128579000000e-01
9.439000000001e-11,7.828784000000e-01,5.167071000000e-01,2.661713000000e-01
9.512000000000e-11,7.657822000000e-01,5.365774000000e-01,2.292048000000e-01
9.578000000001e-11,7.503557000000e-01,5.540375000000e-01,1.963181000000e-01
9.645000000000e-11,7.343804000000e-01,5.717086000000e-01,1.626718000000e-01
9.728000000000e-11,7.144183000000e-01,5.933377000000e-01,1.210806000000e-01
9.794000000000e-11,6.981619000000e-01,6.106806000000e-01,8.748127000000e-02
9.852000000001e-11,6.837168000000e-01,6.259324000000e-01,5.778438000000e-02
9.911000000000e-11,6.689262000000e-01,6.414091000000e-01,2.751711000000e-02
9.977000000000e-11,6.520741000000e-01,6.588653000000e-01,-6.791111000000e-03
1.006700000000e-10,6.289538000000e-01,6.824495000000e-01,-5.349562000000e-02
1.013900000000e-10,6.102135000000e-01,7.011756000000e-01,-9.096202000000e-02
1.020000000000e-10,5.941329000000e-01,7.168785000000e-01,-1.227456000000e-01
1.026000000000e-10,5.776978000000e-01,7.324795000000e-01,-1.547817000000e-01
1.032700000000e-10,5.589441000000e-01,7.495930000000e-01,-1.906489000000e-01
1.040300000000e-10,5.366210000000e-01,7.688365000000e-01,-2.322155000000e-01
1.047400000000e-10,5.142914000000e-01,7.868164000000e-01,-2.725249000000e-01
1.053300000000e-10,4.947758000000e-01,8.016353000000e-01,-3.068595000000e-01
1.059500000000e-10,4.738083000000e-01,8.168811000000e-01,-3.430728000000e-01
1.066500000000e-10,4.494498000000e-01,8.340286000000e-01,-3.845787000000e-01
1.072500000000e-10,4.290162000000e-01,8.481266000000e-01,-4.191104000000e-01
1.077400000000e-10,4.122205000000e-01,8.595921000000e-01,-4.473716000000e-01
1.082100000000e-10,3.960347000000e-01,8.705768000000e-01,-4.745421000000e-01
1.087100000000e-10,3.790477000000e-01,8.820759000000e-01,-5.030282000000e-01
1.092600000000e-10,3.605243000000e-01,8.946354000000e-01,-5.341111000000e-01
1.099400000000e-10,3.378443000000e-01,9.101618000000e-01,-5.723175000000e-01
1.105500000000e-10,3.180532000000e-01,9.240039000000e-01,-6.059507000000e-01
1.111100000000e-10,3.008673000000e-01,9.364222000000e-01,-6.355549000000e-01
1.116900000000e-10,2.837095000000e-01,9.494038000000e-01,-6.656943000000e-01
1.123800000000e-10,2.648869000000e-01,9.646170000000e-01,-6.997301000000e-01
1.130200000000e-10,2.489502000000e-01,9.785338000000e-01,-7.295836000000e-01
1.135800000000e-10,2.360407000000e-01,9.906217000000e-01,-7.545810000000e-01
1.141600000000e-10,2.235926000000e-01,1.003018000000e+00,-7.794254000000e-01
1.147600000000e-10,2.112987000000e-01,1.015987000000e+00,-8.046883000000e-01
1.153300000000e-10,2.005756000000e-01,1.027881000000e+00,-8.273055000000e-01
1.158700000000e-10,1.907302000000e-01,1.039267000000e+00,-8.485364000000e-01
1.163600000000e-10,1.822511000000e-01,1.049419000000e+00,-8.671679000000e-01
1.168400000000e-10,1.742546000000e-01,1.059281000000e+00,-8.850268000000e-01
1.173700000000e-10,1.659719000000e-01,1.069787000000e+00,-9.038152000000e-01
1.179700000000e-10,1.568565000000e-01,1.081690000000e+00,-9.248332000000e-01
1.185100000000e-10,1.491976000000e-01,1.091970000000e+00,-9.427722000000e-01
1.190200000000e-10,1.421834000000e-01,1.101614000000e+00,-9.594305000000e-01
1.195500000000e-10,1.352986000000e-01,1.111301000000e+00,-9.760021000000e-01
1.201200000000e-10,1.281191000000e-01,1.121645000000e+00,-9.935263000000e-01
1.208400000000e-10,1.194914000000e-01,1.134423000000e+00,-1.014931000000e+00
1.214300000000e-10,1.126797000000e-01,1.144792000000e+00,-1.032112000000e+00
1.220800000000e-10,1.054558000000e-01,1.156078000000e+00,-1.050623000000e+00
1.226600000000e-10,9.927509000000e-02,1.165988000000e+00,-1.066713000000e+00
1.232200000000e-10,9.362759000000e-02,1.175265000000e+00,-1.081637000000e+00
1.237900000000e-10,8.795185000000e-02,1.184824000000e+00,-1.096872000000e+00
1.244600000000e-10,8.158593000000e-02,1.195527000000e+00,-1.113941000000e+00
1.253000000000e-10,7.375116000000e-02,1.208049000000e+00,-1.134298000000e+00
1.261100000000e-10,6.670423000000e-02,1.219940000000e+00,-1.153236000000e+00
1.267100000000e-10,6.199629000000e-02,1.228288000000e+00,-1.166292000000e+00
1.272800000000e-10,5.778910000000e-02,1.236079000000e+00,-1.178290000000e+00
1.278700000000e-10,5.371416000000e-02,1.243966000000e+00,-1.190252000000e+00
1.285500000000e-10,4.934509000000e-02,1.252841000000e+00,-1.203496000000e+00
1.292000000000e-10,4.548274000000e-02,1.261098000000e+00,-1.215616000000e+00
1.299700000000e-10,4.120782000000e-02,1.270759000000e+00,-1.229551000000e+00
1.306100000000e-10,3.793748000000e-02,1.278600000000e+00,-1.240662000000e+00
1.312000000000e-10,3.510526000000e-02,1.285789000000e+00,-1.250683000000e+00
1.318200000000e-10,3.239793000000e-02,1.293113000000e+00,-1.260715000000e+00
1.325400000000e-10,2.960719000000e-02,1.301305000000e+00,-1.271698000000e+00
1.332300000000e-10,2.726901000000e-02,1.308904000000e+00,-1.281635000000e+00
1.340300000000e-10,2.495991000000e-02,1.317439000000e+00,-1.292479000000e+00
1.347000000000e-10,2.338723000000e-02,1.324192000000e+00,-1.300805000000e+00
1.353300000000e-10,2.216532000000e-02,1.330294000000e+00,-1.308128000000e+00
1.359900000000e-10,2.111714000000e-02,1.336471000000e+00,-1.315354000000e+00
1.367900000000e-10,2.013789000000e-02,1.343542000000e+00,-1.323404000000e+00
1.378700000000e-10,1.920666000000e-02,1.352679000000e+00,-1.333472000000e+00
1.386400000000e-10,1.880318000000e-02,1.358868000000e+00,-1.340065000000e+00
1.393300000000e-10,1.862721000000e-02,1.364074000000e+00,-1.345446000000e+00
1.400400000000e-10,1.863169000000e-02,1.369123000000e+00,-1.350491000000e+00
1.408400000000e-10,1.888140000000e-02,1.374467000000e+00,-1.355586000000e+00
1.415800000000e-10,1.935022000000e-02,1.378965000000e+00,-1.359615000000e+00
1.424500000000e-10,2.019393000000e-02,1.383730000000e+00,-1.363536000000e+00
1.431900000000e-10,2.115408000000e-02,1.387362000000e+00,-1.366207000000e+00
1.439200000000e-10,2.227391000000e-02,1.390502000000e+00,-1.368228000000e+00
1.447400000000e-10,2.371220000000e-02,1.393586000000e+00,-1.369874000000e+00
1.460300000000e-10,2.630286000000e-02,1.397573000000e+00,-1.371270000000e+00
1.469900000000e-10,2.844816000000e-02,1.399831000000e+00,-1.371383000000e+00
1.477900000000e-10,3.040418000000e-02,1.401265000000e+00,-1.370861000000e+00
1.486200000000e-10,3.259347000000e-02,1.402280000000e+00,-1.369686000000e+00
1.496200000000e-10,3.515717000000e-02,1.402603000000e+00,-1.367446000000e+00
1.505700000000e-10,3.776439000000e-02,1.402142000000e+00,-1.364378000000e+00
1.514400000000e-10,4.036659000000e-02,1.401113000000e+00,-1.360746000000e+00
1.522700000000e-10,4.303391000000e-02,1.399598000000e+00,-1.356564000000e+00
1.531500000000e-10,4.601876000000e-02,1.397464000000e+00,-1.351445000000e+00
1.540700000000e-10,4.929760000000e-02,1.394679000000e+00,-1.345381000000e+00
1.551800000000e-10,5.343077000000e-02,1.390612000000e+00,-1.337182000000e+00
1.561100000000e-10,5.707723000000e-02,1.386578000000e+00,-1.329500000000e+00
1.570200000000e-10,6.080173000000e-02,1.382078000000e+00,-1.321276000000e+00
1.580900000000e-10,6.543150000000e-02,1.376021000000e+00,-1.310589000000e+00
1.590700000000e-10,6.987865000000e-02,1.369791000000e+00,-1.299912000000e+00
1.601400000000e-10,7.495067000000e-02,1.362275000000e+00,-1.287324000000e+00
1.611400000000e-10,7.993202000000e-02,1.354538000000e+00,-1.274606000000e+00
1.622500000000e-10,8.572843000000e-02,1.345173000000e+00,-1.259444000000e+00
1.633800000000e-10,9.185256000000e-02,1.334934000000e+00,-1.243082000000e+00
1.646000000000e-10,9.876905000000e-02,1.323040000000e+00,-1.224271000000e+00
1.657200000000e-10,1.053955000000e-01,1.311395000000e+00,-1.205999000000e+00
1.670100000000e-10,1.134186000000e-01,1.297045000000e+00,-1.183627000000e+00
1.688000000000e-10,1.252601000000e-01,1.275470000000e+00,-1.150210000000e+00
1.701200000000e-10,1.344926000000e-01,1.258349000000e+00,-1.123856000000e+00
1.714400000000e-10,1.441291000000e-01,1.240217000000e+00,-1.096087000000e+00
1.733200000000e-10,1.586216000000e-01,1.212541000000e+00,-1.053919000000e+00
1.750100000000e-10,1.725036000000e-01,1.185783000000e+00,-1.013279000000e+00
1.766200000000e-10,1.865602000000e-01,1.158769000000e+00,-9.722092000000e-01
1.785500000000e-10,2.049039000000e-01,1.124290000000e+00,-9.193858000000e-01
1.802300000000e-10,2.224696000000e-01,1.092781000000e+00,-8.703114000000e-01
1.816400000000e-10,2.388910000000e-01,1.065194000000e+00,-8.263035000000e-01
1.828700000000e-10,2.548609000000e-01,1.040421000000e+00,-7.855605000000e-01
1.839500000000e-10,2.706107000000e-01,1.018078000000e+00,-7.474674000000e-01
1.849300000000e-10,2.866042000000e-01,9.973983000000e-01,-7.107941000000e-01
1.858500000000e-10,3.033668000000e-01,9.775817000000e-01,-6.742149000000e-01
1.867800000000e-10,3.218335000000e-01,9.574662000000e-01,-6.356326000000e-01
1.877400000000e-10,3.425495000000e-01,9.364614000000e-01,-5.939119000000e-01
1.884900000000e-10,3.596500000000e-01,9.200300000000e-01,-5.603800000000e-01
1.891800000000e-10,3.759271000000e-01,9.049810000000e-01,-5.290538000000e-01
1.899000000000e-10,3.938025000000e-01,8.890023000000e-01,-4.951998000000e-01
1.907500000000e-10,4.156998000000e-01,8.700713000000e-01,-4.543715000000e-01
1.916600000000e-10,4.399056000000e-01,8.497817000000e-01,-4.098761000000e-01
1.923700000000e-10,4.595522000000e-01,8.336494000000e-01,-3.740972000000e-01
1.930900000000e-10,4.794718000000e-01,8.174328000000e-01,-3.379610000000e-01
1.939600000000e-10,5.038921000000e-01,7.974555000000e-01,-2.935634000000e-01
1.948100000000e-10,5.270424000000e-01,7.780977000000e-01,-2.510553000000e-01
1.955000000000e-10,5.456072000000e-01,7.621279000000e-01,-2.165207000000e-01
1.961500000000e-10,5.630102000000e-01,7.467754000000e-01,-1.837651000000e-01
1.968600000000e-10,5.816219000000e-01,7.299948000000e-01,-1.483729000000e-01
1.976700000000e-10,6.028110000000e-01,7.105273000000e-01,-1.077163000000e-01
1.982900000000e-10,6.191649000000e-01,6.952978000000e-01,-7.613290000000e-02
1.988700000000e-10,6.345120000000e-01,6.808695000000e-01,-4.635753000000e-02
1.994900000000e-10,6.507972000000e-01,6.654189000000e-01,-1.462176000000e-02
